{
  "Total" : {
    "transaction" : "Total",
    "sampleCount" : 600,
    "errorCount" : 0,
    "errorPct" : 0.0,
    "meanResTime" : 580.0783333333327,
    "medianResTime" : 83.0,
    "minResTime" : 72.0,
    "maxResTime" : 15108.0,
    "pct1ResTime" : 1097.0,
    "pct2ResTime" : 3092.0,
    "pct3ResTime" : 7064.1300000000365,
    "throughput" : 34.58013947322921,
    "receivedKBytesPerSec" : 13.322133810731371,
    "sentKBytesPerSec" : 7.851447683130655
  },
  "Search" : {
    "transaction" : "Search",
    "sampleCount" : 150,
    "errorCount" : 0,
    "errorPct" : 0.0,
    "meanResTime" : 457.2199999999999,
    "medianResTime" : 83.0,
    "minResTime" : 73.0,
    "maxResTime" : 3117.0,
    "pct1ResTime" : 1096.9,
    "pct2ResTime" : 3087.8,
    "pct3ResTime" : 3112.92,
    "throughput" : 8.774495466510675,
    "receivedKBytesPerSec" : 2.6392037145364142,
    "sentKBytesPerSec" : 1.2510511114360925
  },
  "Sign in" : {
    "transaction" : "Sign in",
    "sampleCount" : 150,
    "errorCount" : 0,
    "errorPct" : 0.0,
    "meanResTime" : 736.3533333333331,
    "medianResTime" : 84.0,
    "minResTime" : 72.0,
    "maxResTime" : 15108.0,
    "pct1ResTime" : 1333.9000000000015,
    "pct2ResTime" : 3095.25,
    "pct3ResTime" : 11169.27000000007,
    "throughput" : 8.773469029654326,
    "receivedKBytesPerSec" : 5.800428254957009,
    "sentKBytesPerSec" : 4.412438037374978
  },
  "Home" : {
    "transaction" : "Home",
    "sampleCount" : 150,
    "errorCount" : 0,
    "errorPct" : 0.0,
    "meanResTime" : 621.6533333333335,
    "medianResTime" : 83.0,
    "minResTime" : 72.0,
    "maxResTime" : 7107.0,
    "pct1ResTime" : 1099.9,
    "pct2ResTime" : 3098.0,
    "pct3ResTime" : 5068.020000000037,
    "throughput" : 8.760147170472464,
    "receivedKBytesPerSec" : 2.4039075731472286,
    "sentKBytesPerSec" : 1.0180249153185772
  },
  "Cart" : {
    "transaction" : "Cart",
    "sampleCount" : 150,
    "errorCount" : 0,
    "errorPct" : 0.0,
    "meanResTime" : 505.0866666666665,
    "medianResTime" : 82.0,
    "minResTime" : 72.0,
    "maxResTime" : 7109.0,
    "pct1ResTime" : 1095.7,
    "pct2ResTime" : 3084.45,
    "pct3ResTime" : 7108.49,
    "throughput" : 8.773982218062704,
    "receivedKBytesPerSec" : 2.67332270706598,
    "sentKBytesPerSec" : 1.285251301474029
  }
}